id,name,nickname_00,nickname_01,nickname_02,nickname_03,nickname_04,nickname_05,nickname_06,nickname_07,nickname_08,nickname_09,nickname_10,nickname_11,nickname_12,nickname_13,nickname_14,nickname_15,nickname_16
1,幻水1主人公（坊ちゃん）,幻水1主人公（坊ちゃん）,1主人公,主人公,坊ちゃん,ティル,リューイ,マクドール,坊っちゃん,坊,Tir,ぼっちゃん
2,幻水2主人公（2主）,幻水2主人公（2主）,2主人公,主人公,2主,リオウ,II主,タオ,にしゅ,つーしゅ,にぬし,Riou,２主たん,Ⅱ主
3,幻水4主人公（4様）,幻水4主人公（4様）,4主人公,主人公,4様,IV主,4主人公,IV主人公,ラズロ,よん様,Lazro,よんさま,Ⅳ主
4,幻水5主人公（王子）,幻水5主人公（王子）,5主人公,主人公,王子,V主,5主,V主人公,5主人公,ファルーシュ,フレイアドゥール,フレイ,アーディル,Freyjadour,Ⅴ主,フリディカ,王子,Prince
5,ティアクライス主人公（団長）,ティアクライス主人公（団長）,TK主人公,主人公,団長,シグ,TK主人公,ティアクライス主人公,ティアクラ主人公,TK主,Sieg
6,アーサー,アーサー,アーサー,Arthur
7,アーニー,アーニー,アーニー,Ernie
8,アーニャ,アーニャ,アーニャ
9,アーロン・バルカイ,アーロン・バルカイ,アーロン・バルカイ,"",アーロン,バルカイ,アーロンバルカイ
10,アイク,アイク,アイク,Ike,Eike
11,アイシャ,アイシャ,アイシャ
12,アイラ,アイラ,アイラ,Ira,Aila
13,アイリ,アイリ,アイリ,Aili,Eilie
14,アイリーン,アイリーン,アイリーン,Irene,Eileen
15,アイン・ジード,アイン・ジード,アイン・ジード,Ain,アイン,ジード,アインジード,Ain Gide
16,アカギ,アカギ,アカギ,Akaghi,Akaghi
17,アガレス・ブライト,アガレス・ブライト,アガレス・ブライト,Agares,アガレス,ブライト,アガレスブライト,Agares Blight
18,アクセル,アクセル,アクセル,Axel
19,アグネス,アグネス,アグネス,Agnes
20,アスアド,アスアド,アスアド
21,アストリッド,アストリッド,アストリッド
22,アズラッド,アズラッド,アズラッド,Azrat,Alhazred
23,アダリー,アダリー,アダリー,Adderley
24,アックス,アックス,アックス,Axe,Ax
25,アップル,アップル,アップル,Apple
26,アトリ,アトリ,アトリ,Atri
27,アドリアンヌ,アドリアンヌ,アドリアンヌ,Adrienne
28,アナベル,アナベル,アナベル,Annabel,Anabelle
29,アニタ,アニタ,アニタ,Anita
30,アビズボア,アビズボア,アビズボア,Abizboa,Abizboah
31,アマダ,アマダ,アマダ,Amada
32,アマラリク,アマラリク,アマラリク
33,アメリア,アメリア,アメリア,Amelia,Ameria
34,アモリー,アモリー,アモリー,Amory
35,アヤナ,アヤナ,アヤナ,Ayana
36,アヤメ,アヤメ,アヤメ,Ayame
37,アラニス,アラニス,アラニス,Alanis
38,アリスン・バロウズ,アリスン・バロウズ,アリスン・バロウズ,"",アリスン,バロウズ,アリスンバロウズ
39,アルシュタート・ファレナス,アルシュタート・ファレナス,アルシュタート・ファレナス,Arstaat,アルシュタート,ファレナス,アルシュタートファレナス,Arshtaat Falenas,Arshtaat,陛下
40,アルド,アルド,アルド,Aldo
41,アルバート,アルバート,アルバート,Albert,Alberto
42,アルベルト・シルバーバーグ,アルベルト・シルバーバーグ,アルベルト,Alberto,アルベルト,シルバーバーグ,アルベルトシルバーバーグ
43,アレク・ワイズメル,アレク・ワイズメル,アレク・ワイズメル,Alec,アレク,ワイズメル,アレクワイズメル
44,アレックス,アレックス,アレックス,Alex
45,アレニア,アレニア,アレニア,Alenia
46,アレン,アレン,アレン,Allen,Alen
47,アンジー,アンジー,アンジー,Angie,Anji
48,アンダルク・ベルグマン,アンダルク・ベルグマン,アンダルク・ベルグマン,アンダルク,アンダルク,ベルグマン,アンダルクベルグマン
49,アントニオ,アントニオ,アントニオ,Antonio
50,アンヌ,アンヌ,アンヌ,Anne
51,アンネリー,アンネリー,アンネリー,Annallee
52,イーゴリ,イーゴリ,イーゴリ
53,イーリン,イーリン,イーリン
54,イク,イク,イク,Iku
55,イクス,イクス,イクス
56,イザク,イザク,イザク,Isaac,Izak
57,イサト,イサト,イサト,Isato
58,イザベル,イザベル,イザベル,Isabel
59,イスカス,イスカス,イスカス
60,イリア・バルカイ,イリア・バルカイ,イリア,"",イリア,バルカイ,イリアバルカイ
61,イワノフ,イワノフ,イワノフ,Ivanov
62,インゴルフ,インゴルフ,インゴルフ,Ingolf
63,インドリク,インドリク,インドリク,Indrik
64,ヴァズロフ,ヴァズロフ,ヴァズロフ,Vazlov
65,ヴァンサン・ド・ブール,ヴァンサン・ド・ブール,ヴァンサン,Vincent,ヴァンサン,ド,ブール,ヴァンサンドブール,Vincent de Boule
66,ヴィルヘルム,ヴィルヘルム,ヴイルヘルム,wilhelm
67,ヴィンセント・フィンガーフート,ヴィンセント・フィンガーフート,ヴィンセント・フィンガーフート,"",ヴィンセント,フィンガーフート,ヴィンセントフィンガーフート
68,ウィンディ,ウィンディ,ウィンディ,Windy
69,ウインドウ,ウインドウ,ウインドウ,Windu,Window
70,ウェンデル,ウェンデル,ウェンデル,Wendell,Wendel
71,ウォーグ,ウォーグ,ウォーグ,Waugh
72,ウォーレン,ウォーレン,ウォーレン,Warren
73,ウォーロック,ウォーロック,ウォーロック,Warlock
74,ヴォリガ,ヴォリガ,ヴォリガ,Voliga,Volga
75,ウォルター,ウォルター,ウォルター
76,ウゲツ,ウゲツ,ウゲツ,Ugetsu
77,ウッツェ,ウッツェ,ウッツェ
78,ウフレッド,ウフレッド,ウフレッド
79,ウラガン,ウラガン,ウラガン
80,ウルダ,ウルダ,ウルダ,Ulda,Urda
81,エイケイ,エイケイ,エイケイ,Ekei
82,エイダ,エイダ,エイダ,Ayda
83,エウスミール,エウスミール,エウスミール
84,エース,エース,エース,Ace
85,エグバート・エセルバルド,エグバート・エセルバルド,エグバート,Egbert,エグバート,エセルバルド,エグバートエセルバルド,Egberd Aethelbald,Egberd,Aethelbald
86,エステラ,エステラ,エステラ,Estella
87,エスメラルダ,エスメラルダ,エスメラルダ,Esmeralda
88,エチエンヌ,エチエンヌ,エチエンヌ,Etienne
89,エッジ,エッジ,エッジ,Edge
90,エドガー,エドガー,エドガー,Edgar
91,エヌムクラウ,エヌムクラウ,エヌムクラウ,Enumklau
92,エフィル,エフィル,エフィル,Efil
93,エマ,エマ,エマ,Emma
94,エミリア,エミリア,エミリア,Emilia
95,エミリー,エミリー,エミリー,Emily
96,エリ,エリ,エリ,Eli,Ellie
97,エリオット,エリオット,エリオット,Elliott,Eliot
98,エリン,エリン,エリン,Erin
99,エルザ,エルザ,エルザ,Elsa,Elza
100,エルフの長老,エルフの長老,エルフの長老,Elf Elder,Chief of Elves
101,エルミオーネ,エルミオーネ,エルミオーネ
102,エルンスト,エルンスト,エルンスト,Ernst
103,エレーン,エレーン,エレーン,Elaine
104,エレシュ,エレシュ,エレシュ,Eresh
105,エレノア・シルバーバーグ,エレノア・シルバーバーグ,エレノア,Elenor,エレノア,シルバーバーグ,エレノアシルバーバーグ,Elenor･Silverberg,Elenor Silverberg,Silverberg
106,エンヘバト,エンヘバト,エンヘバト
107,オゥヤー,オゥヤー,オゥヤー
108,オウラン,オウラン,オウラン,Ouran
109,オーギュスタン・ナボール,オーギュスタン・ナボール,オーギュスタン,Augustin,オーギュスタン,ナボール,オーギュスタンナボール,Augustine
110,オータ,オータ,オータ
111,オスカル,オスカル,オスカル,Oscar
112,オデッサ・シルバーバーグ,オデッサ・シルバーバーグ,オデッサ・シルバーバーグ,Odessa,オデッサ,シルバーバーグ,オデッサシルバーバーグ,Odessa・Silverberg,Odessa Silverberg,Silverberg
113,オド,オド,オド
114,オニール,オニール,オニール,Oneill,Onil
115,オベル王妃,オベル王妃,オベル王妃,Queen Obel
116,オボロ,オボロ,オボロ,Oboro
117,オルドヴィーク,オルドヴィーク,オルドヴィーク
118,オルナン,オルナン,オルナン,Ornan
119,オルネラ,オルネラ,オルネラ
120,オルマール,オルマール,オルマール
121,オレーグ,オレーグ,オレーグ,Oreg
122,オロク,オロク,オロク,Orok
123,カール,カール,カール,curl,Karl,Carl
124,カーン・マリィ,カーン・マリィ,カーン,Caen,カーン,マリィ,カーンマリィ
125,カイ,カイ,カイ,Kai
126,カイル,カイル,カイル,Kyle
127,ガウ,ガウ,ガウ,Gow,Gau
128,ガヴァヤ,ガヴァヤ,ガヴァヤ,Kavaya
129,カウリヤ,カウリヤ,カウリヤ
130,カゲ,カゲ,カゲ,Kage
131,カシオス,カシオス,カシオス,Cassios,Kasios
132,カシム・ハジル,カシム・ハジル,カシム・ハジル,Qasim,カシム,ハジル,カシムハジル,Kasim Hazil,Kasim,Hazil
133,ガシュガル,ガシュガル,ガシュガル,Gashgar
134,ガスパー,ガスパー,ガスパー,Gaspar
135,カスミ,カスミ,カスミ,Kasumi
136,カタリナ,カタリナ,カタリナ,Catalina,Katalina
137,ガドベルク,ガドベルク,ガドベルク
138,カドモス,カドモス,カドモス
139,カナック,カナック,カナック,Kanak
140,カナン,カナン,カナン,Canaan,Kanaan
141,ガボチャ,ガボチャ,ガボチャ,Gabocha
142,カマンドール,カマンドール,カマンドール,Camandor,Kamandol
143,カミーユ,カミーユ,カミーユ,Camille
144,カミュー,カミュー,カミュー,Camus
145,からくり丸,からくり丸,からくり丸,Karakurimaru,Gadget
146,からくり丸Z,からくり丸Z,からくり丸Z,KarakurimaruZ,Gadget Z
147,ガレオン,ガレオン,ガレオン,Galleon
148,ガレス,ガレス,ガレス,Gareth
149,カレン,カレン,カレン,Karen
150,ガンデ,ガンデ,ガンデ,Gande
151,ガンテツ,ガンテツ,ガンテツ,Gantec,Gantetsu
152,キアロ,キアロ,キアロ
153,キーン,キーン,キーン,Keen
154,キカ,キカ,キカ,Kika,キカ様
155,キサラ,キサラ,キサラ,Kisara
156,ギジェリガー,ギジェリガー,ギジェリガー,Gizellega
157,ギジム,ギジム,ギジム,Gizim,Gijimu
158,ギゼル・ゴドウィン,ギゼル・ゴドウィン,ギゼル・ゴドウィン,Gizel,ギゼル,ゴドウィン,ギゼルゴドウィン,Gizel Godwin,Godwin
159,キッド,キッド,キッド,kid,Kidd
160,キニスン,キニスン,キニスン,Kinnison
161,キバ・ウィンダミア,キバ・ウィンダミア,キバ,Kiva,キバ,ウィンダミア,キバウィンダミア
162,キミヤ,キミヤ,キミヤ,Kimia
163,キャザリー,キャザリー,キャザリー,Cazaly,Catheri
164,キャシィー,キャシィー,キャシィー,Cathy,Kathy
165,キャリー,キャリー,キャリー,Carry
166,ギュンター,ギュンター,ギュンター,Gunther
167,ギョーム,ギョーム,ギョーム,Guillaume
168,キラルド,キラルド,キラルド
169,ギリアム,ギリアム,ギリアム
170,キリィ,キリィ,キリィ,Kiriy,Killey
171,キリル,キリル,キリル,Kyril
172,キルキス・シャナ・クエス・ラビアンカーナ,キルキス・シャナ・クエス・ラビアンカーナ,キルキス,Kilkis,キルキス,シャナ,クエス,ラビアンカーナ,キルキスシャナクエスラビアンカーナ,"",Kirkis
173,キルケ,キルケ,キルケ,Kirke
174,キルデリク,キルデリク,キルデリク,Kilderik,Childerich
175,ギルバート,ギルバート,ギルバート,Gilbert
176,キンバリー,キンバリー,キンバリー,Kimberly,Kimberley
177,クイーン,クイーン,クイーン,Queen,クィーン
178,クイネリア・リウイス,クイネリア・リウイス,クイネリア・リウイス,"",クイネリア,リウイス,クイネリアリウイス
179,クインシー,クインシー,クインシー,Quincy
180,クーガ,クーガ,クーガ,Couga
181,クーカブラ,クーカブラ,クーカブラ,Cookabra
182,クープ,クープ,クープ,Koop
183,グスタフ・ペンドラゴン,グスタフ・ペンドラゴン,グスタフ・ペンドラゴン,Gustaf,グスタフ,ペンドラゴン,グスタフペンドラゴン,Gustav Pendragon,Gustav,Pendragon
184,クライブ,クライブ,クライブ,Clive
185,クラウス・ウィンダミア,クラウス・ウィンダミア,クラウス,Claus,クラウス,ウィンダミア,クラウスウィンダミア
186,クラド,クラド,クラド,Krado
187,クラント,クラント,クラント,Kranto
188,グランマイヤー,グランマイヤー,グランマイヤー,Granmeyer
189,クリス・ライトフェロー,クリス・ライトフェロー,クリス,chris,クリス,ライトフェロー,クリスライトフェロー,"",Chris Lightfellow
190,グリフィス,グリフィス,グリフィス,Griffith
191,クリン,クリン,クリン,Krin
192,クルガン,クルガン,クルガン,kurgan,Culgan
193,グレアム・クレイ,グレアム・クレイ,グレアム・クレイ,Graham,グレアム,クレイ,グレアムクレイ,Clay,Graham・Clay,Graham Clay,Graham Cray,Cray
194,クレイア,クレイア,クレイア,Claya
195,クレイオン,クレイオン,クレイオン,Clayon
196,クレイグ・ラーデン,クレイグ・ラーデン,クレイグ・ラーデン,Craig,クレイグ,ラーデン,クレイグラーデン,Craig Laden,クレイグ団長
197,クレイズ・マイルス,クレイズ・マイルス,クレイズ・マイルス,Krays,クレイズ,マイルス,クレイズマイルス,Kraze,Kraze Miles,Miles
198,グレイディ,グレイディ,グレイディ,Grady
199,クレオ,クレオ,クレオ,Cleo
200,グレッチェン,グレッチェン,グレッチェン,Gretchen
201,グレミオ,グレミオ,グレミオ,Gremio
202,グレン・コット,グレン・コット,グレン・コット,Glenn,グレン,コット,グレンコット
203,グレンシール,グレンシール,グレンシール,Glenshire,Grenseal
204,クロイツ,クロイツ,クロイツ,Kroits,Kreatz,Kreuz
205,クロウリー,クロウリー,クロウリー,Crowley
206,クロデキルド,クロデキルド,クロデキルド,Clodekilde
207,クロミミ,クロミミ,クロミミ,Clomimi,Kuromimi
208,クロン,クロン,クロン,Cron,Qlon
209,グワイニー,グワイニー,グワイニー
210,クワンダ・ロスマン,クワンダ・ロスマン,クワンダ・ロスマン,Quanda,クワンダ,ロスマン,クワンダロスマン,Kwanda Rosman,Kwanda,Rosman
211,クン・トー,クン・トー,クン・トー,Kun・Toe,クン,トー,クントー,Kun,Toe,Kun Toe,Kun To,To
212,グントラム,グントラム,グントラム,Guntram
213,ケイト,ケイト,ケイト,kate
214,ゲイリー,ゲイリー,ゲイリー,gary
215,ケヴィン,ケヴィン,ケヴィン,Kevin
216,ゲオルグ・プライム,ゲオルグ・プライム,ゲオルグ・プライム,Georg,ゲオルグ,プライム,ゲオルグプライム,Georg Prime,Prime
217,ゲシュッツ,ゲシュッツ,ゲシュッツ
218,ケスラー,ケスラー,ケスラー,Kessler
219,ゲッシュ,ゲッシュ,ゲッシュ,Goesch
220,ケティル,ケティル,ケティル
221,ゲド,ゲド,ゲド,Ged,ゲド隊長,Geddoe,隊長
222,ケネス,ケネス,ケネス,Keneth
223,ケフレン,ケフレン,ケフレン
224,ケルシウス,ケルシウス,ケルシウス
225,ゲレル,ゲレル,ゲレル
226,ゲン,ゲン,ゲン,Gen
227,ゲンオウ,ゲンオウ,ゲンオウ,Genoh
228,ゲンカク,ゲンカク,ゲンカク,Genkaku
229,ゲンゲン,ゲンゲン,ゲンゲン,Gengen
230,ケンジ,ケンジ,ケンジ,Kenji
231,ゲンシュウ,ゲンシュウ,ゲンシュウ,Genshu
232,コウ,コウ,コウ
233,コウ・ロー,コウ・ロー,コウ・ロー,"",コウ,ロー,コウロー
234,コウユウ,コウユウ,コウユウ,Kouyu
235,ゴー,ゴー,ゴー,Go,Gau
236,ゴーセ,ゴーセ,ゴーセ,Gauce
237,ゴードン（幻水2）,ゴードン（幻水2）,ゴードン,Gordon（SUIKODEN2）
238,ゴードン（幻水3）,ゴードン（幻水3）,ゴードン,Gordon（SUIKODEN3）
239,コーネル,コーネル,コーネル,Cornell,Connell
240,コノン,コノン,コノン,Conon
241,コルセリア,コルセリア,コルセリア
242,ゴルドー,ゴルドー,ゴルドー,Gorudo
243,コルトン,コルトン,コルトン
244,ゴルヌイ,ゴルヌイ,ゴルヌイ
245,コルネリオ,コルネリオ,コルネリオ,Cornelio
246,ゴロウ,ゴロウ,ゴロウ,Goro
247,コロク,コロク,コロク,Koroku
248,ゴン,ゴン,ゴン
249,ゴンボスレン,ゴンボスレン,ゴンボスレン
250,コンラッド,コンラッド,コンラッド,Konrad,Conrad
251,サーヴィラ,サーヴィラ,サーヴィラ
252,サイアリーズ・ファレナス,サイアリーズ・ファレナス,サイアリーズ・ファレナス,サイアリーズ,サイアリーズ,ファレナス,サイアリーズファレナス,Sialeeds Falenas,Sialeeds,サイア,サイアリーズ様,サイア様
253,サイロウ,サイロウ,サイロウ,Sairoh
254,ザイン,ザイン,ザイン
255,サウ・ジン,サウ・ジン,サウ,"",サウ,ジン,サウジン
256,ザヴィド,ザヴィド,ザヴィド
257,サギリ,サギリ,サギリ,Sagiri
258,ササライ,ササライ,ササライ,Sasarai,ササライさま
259,ザジ・キュイロス（サナトス・クロフォード）,ザジ・キュイロス,ザジ・キュイロス,ザジ,ザジ,キュイロス,サナトス,クロフォード,ザジキュイロス,サナトスクロフォード
260,サスケ,サスケ,サスケ,Sasuke
261,サティヤカ,サティヤカ,サティヤカ
262,サナ,サナ,サナ,Sana
263,サナエ・Y,サナエ・Y,サナエ・Ｙ,Sanae.Y,サナエ,ヤマモト,Y,サナエY,サナエヤマモト,Sanae,Sanae Yamamoto,Yamamoto,Sanae Y
264,ザハーク,ザハーク,ザハーク,Zahhak
265,ザフラー,ザフラー,ザフラー
266,ザムザ,ザムザ,ザムザ
267,サムス,サムス,サムス,Samus
268,サリーシャ・ラウルベル,サリーシャ・ラウルベル,サリーシャ・ラウルベル,"",サリーシャ,ラウルベル,サリーシャラウルベル
269,サルム・バロウズ,サルム・バロウズ,サルム・バロウズ,Salum Barows,サルム,バロウズ,サルムバロウズ,Salum Barrows,Salum,Barows,Barrows,Salum Burrows,Salum Burroughs,Burroughs,Burrows
270,サロメ・ハラス,サロメ・ハラス,サロメ,サロメ,サロメ,ハラス,サロメハラス,Salome
271,サンスケ,サンスケ,サンスケ,Sansuke
272,サンチェス,サンチェス,サンチェス,Sanchez
273,サンチョ,サンチョ,サンチョ,Sancho
274,ジーヴィッカ,ジーヴィッカ,ジーヴィッカ
275,ジークフリード,ジークフリード,ジークフリード,Siegfried
276,シーザー・シルバーバーグ,シーザー・シルバーバーグ,シーザー,Caesar,シーザー,シルバーバーグ,シーザーシルバーバーグ,Caesar Silverberg
277,シード,シード,シード
278,シーナ,シーナ,シーナ,Sheena
279,ジーノ,ジーノ,ジーノ
280,ジーン,ジーン,ジーン,Jeane
281,シウ・ジン,シウ・ジン,シウ,"",シウ,ジン,シウジン
282,シウス,シウス,シウス,Cius
283,ジェイル,ジェイル,ジェイル
284,ジェス,ジェス,ジェス
285,ジェファーソン,ジェファーソン,ジェファーソン,Jefferson
286,シエラ・ミケーネ,シエラ・ミケーネ,シエラ,シエラ,シエラ,ミケーネ,シエラミケーネ
287,ジェレミー,ジェレミー,ジェレミー,Jeremy
288,シグニイ・アルブレク,シグニイ・アルブレク,シグニイ・アルブレク,"",シグニイ,アルブレク,シグニイアルブレク
289,シグルド,シグルド,シグルド,Sigurd
290,シグレ,シグレ,シグレ,Shigure
291,シズ,シズ,シズ,Shizu
292,シスカ,シスカ,シスカ
293,ジダン・ギュイス,ジダン・ギュイス,ジダン・ギュイス,Jidan Guisu,ジダン,ジダンギュイス,Jidan,Guisu
294,シド,シド,シド
295,シドニア,シドニア,シドニア,Sydonia
296,シバ,シバ,シバ,Shiba
297,シメオン,シメオン,シメオン
298,シモーヌ・ベルドリッチ,シモーヌ・ベルドリッチ,シモーヌ・ベルドリッチ,"",シモーヌ,ベルドリッチ,シモーヌベルドリッチ
299,シャイラ,シャイラ,シャイラ
300,ジャグワン,ジャグワン,ジャグワン
301,ジャック,ジャック,ジャック,Jacques
302,シャドリ,シャドリ,シャドリ,Chadli
303,ジャバ,ジャバ,ジャバ,Jabba
304,シャバック,シャバック,シャバック
305,シャボン,シャボン,シャボン,Shabon
306,シャムス,シャムス,シャムス
307,シャルフ,シャルフ,シャルフ
308,シャルミシタ,シャルミシタ,シャルミシタ,Sharmista
309,シャルルマーニュ,シャルルマーニュ,シャルルマーニュ,Charlemagne
310,シャロン,シャロン,シャロン,Sharon
311,ジャンゴ,ジャンゴ,ジャンゴ,Jango
312,シュウ,シュウ,シュウ
313,ジュエル,ジュエル,ジュエル,Jewel
314,ジュッポ,ジュッポ,ジュッポ,Juppo
315,ジュド,ジュド,ジュド
316,シュトルテハイム・ラインバッハ2世,シュトルテハイム・ラインバッハ2世,シュトルテハイム・ラインバッハ2世,"",シュトルテハイム,ラインバッハ,ラインバッハ2世
317,シュラ・ヴァルヤ,シュラ・ヴァルヤ,シュラ,Shula Valya,シュラ,ヴァルヤ,シュラヴァルヤ
318,シュン,シュン,シュン,Shoon,Shun
319,シュンミン,シュンミン,シュンミン,Shun Min
320,ジョアン,ジョアン,ジョアン,Juan
321,ジョウイ・アトレイド（ジョウイ・ブライト）,ジョウイ・アトレイド（ブライト）,ジョウイ・アトレイド,ジョウイ,ジョウイ,アトレイド,ブライト,ジョウイアトレイド,ジョウイブライト
322,ジョーカー（ワン）,ジョーカー（ワン）,ジョーカー,ジョーカー,ジョーカー,ワン,Joker,Wan
323,ジョー軍曹,ジョー軍曹,ジョー軍曹,ジョルディ,Sergent Joe,Joe,軍曹,Sergent
324,ジョセフィーヌ（ユマ・ヴァルヤ）,ジョセフィーヌ（ユマ・ヴァルヤ）,ジョセフィーヌ,Josephine,ジョセフィーヌ,ユマ,ユマヴァルヤ
325,ジョナ,ジョナ,ジョナ
326,ジョバンニ,ジョバンニ,ジョバンニ,Giovanni
327,ジョルジュ,ジョルジュ,ジョルジュ,Georges
328,シラミネ,シラミネ,シラミネ,Shiramine
329,ジル・ブライト,ジル・ブライト,ジル・ブライト,ジル,ジル,ブライト,ジルブライト
330,シルヴァ,シルヴァ,シルヴァ,Silva
331,シルディス,シルディス,シルディス
332,シルビナ,シルビナ,シルビナ,Sylvina
333,シロ,シロ,シロ
334,シロウ,シロウ,シロウ
335,シン,シン,シン
336,ワイアット・ライトフェロー（ジンバ）,ワイアット・ライトフェロー（ジンバ）,ジンバ,Jimba,ワイアット,ライトフェロー,ワイアットライトフェロー,"",ジンバ,Wyatt,Wyatt Lightfellow
337,シンロウ,シンロウ,シンロウ,Shinro
338,スウ・ジン,スウ・ジン,スウ,"",スウ,ジン,スウジン
339,スヴェン,スヴェン,スヴェン
340,スカルド・イーガン,スカルド・イーガン,スカルド・イーガン,Skald Egan,スカルド,イーガン,スカルドイーガン,Skald,Egan
341,スコット,スコット,スコット,Scott
342,スタリオン,スタリオン,スタリオン,Stallion
343,スティール,スティール,スティール
344,ステラ,ステラ,ステラ
345,スニル,スニル,スニル
346,スノウ・フィンガーフート,スノウ・フィンガーフート,スノウ,スノウ,スノウ,フィンガーフート,スノウフィンガーフート,Snowe,Snow,Fingerhut,Snowe Fingerhut,Snow Fingerhut,Vingerhut,Snowe Vingerhut,Snow Vingerhut
347,スバル,スバル,スバル,Subal,Subaru
348,スフィール,スフィール,スフィール
349,ズンダ,ズンダ,ズンダ,Zunda
350,セイラ,セイラ,セイラ,Serah
351,セウ・ジン,セウ・ジン,セウ,"",セウ,ジン,セウジン
352,ゼガイ,ゼガイ,ゼガイ,Zegai
353,セシル,セシル,セシル,Cecile
354,セツ,セツ,セツ,Setsu
355,セドリック,セドリック,セドリック,Cedric
356,セネカ,セネカ,セネカ
357,ゼノア,ゼノア,ゼノア
358,セバスチャン,セバスチャン,セバスチャン,Sebastian
359,ゼフォン,ゼフォン,ゼフォン
360,ゼポン,ゼポン,ゼポン
361,セミアス,セミアス,セミアス
362,セラ,セラ,セラ,Sarah
363,ゼラセ,ゼラセ,ゼラセ,Zerase
364,セルゲイ,セルゲイ,セルゲイ,Sergei
365,セルマ,セルマ,セルマ,Selma
366,セレン,セレン,セレン
367,ゼン,ゼン,ゼン,Zen
368,ソウ・ジン,ソウ・ジン,ソウ,"",ソウ,ジン,ソウジン
369,ゾシオム,ゾシオム,ゾシオム
370,ソタ,ソタ,ソタ
371,ソニア・シューレン,ソニア・シューレン,ソニア・シューレン,Sonya Shulen,ソニア,シューレン,ソニアシューレン
372,ソフィア,ソフィア,ソフィア
373,ソラブ,ソラブ,ソラブ
374,ソリス・ラウルベル,ソリス・ラウルベル,ソリス・ラウルベル,Solis Raulbel,ソリス,ラウルベル,ソリスラウルベル,Solis,Raulbel
375,ソレンセン,ソレンセン,ソレンセン,Sorensen
376,ソロウ,ソロウ,ソロウ
377,ソロン・ジー,ソロン・ジー,ソロン・ジー,"",ソロン,ジー,ソロンジー
378,タージ,タージ,タージ
379,ターニャ,ターニャ,ターニャ,Tanya
380,タイ・ホー,タイ・ホー,タイ・ホー,Tai Ho,タイ,ホー,タイホー,Tai
381,ダイアルフ,ダイアルフ,ダイアルフ
382,タイスケ,タイスケ,タイスケ,Taisuke
383,ダイン,ダイン,ダイン,Dinn,Dine
384,タガート,タガート,タガート,Taggart
385,タカム,タカム,タカム,Takamu
386,タキ,タキ,タキ
387,ダグズマ,ダグズマ,ダグズマ
388,ダナシュ8世,ダナシュ8世,ダナシュ8世,"",ダナシュ
389,ダムディン,ダムディン,ダムディン
390,タラシオ・ルシオ,タラシオ・ルシオ,タラシオ,"",タラシオ,ルシオ,タラシオルシオ
391,ダリオ,ダリオ,ダリオ,Dario
392,タル,タル,タル,Tal
393,タルゲイユ,タルゲイユ,タルゲイユ,Talgeyl
394,ダレル,ダレル,ダレル,Darell
395,チープー,チープー,チープー,Chiepoo
396,チェイン,チェイン,チェイン
397,チクラ,チクラ,チクラ
398,チサト,チサト,チサト,Chisato
399,チハヤ,チハヤ,チハヤ
400,チャコ,チャコ,チャコ,Chaco
401,チャック,チャック,チャック,Chuck,Chack
402,チャップマン,チャップマン,チャップマン,Chapman
403,チャムジン,チャムジン,チャムジン
404,チャンドラー,チャンドラー,チャンドラー,Chandler
405,チャンポ,チャンポ,チャンポ,Champo
406,ツァイ,ツァイ,ツァイ
407,ツァウベルン,ツァウベルン,ツァウベルン
408,ツヴァイク,ツヴァイク,ツヴァイク,Zweig
409,ツェレンドラム,ツェレンドラム,ツェレンドラム
410,ツオムジン,ツオムジン,ツオムジン
411,ツフルル,ツフルル,ツフルル
412,ディアドラ,ディアドラ,ディアドラ
413,ディーリーリ,ディーリーリ,ディーリーリ
414,ディオス,ディオス,ディオス,Dios
415,ティグール,ティグール,ティグール
416,テイラー,テイラー,テイラー,Taylor
417,ディルク,ディルク,ディルク
418,ディルバ・ノウム,ディルバ・ノウム,ディルバ・ノウム,Dilber Novum,ディルバ,ノウム,ディルバノウム,Dilber,Novum
419,ディロム・ランツェス,ディロム・ランツェス,ディロム・ランツェス,"",ディロム,ランツェス,ディロムランツェス
420,テオ・マクドール,テオ・マクドール,テオ・マクドール,Teo McDohl,テオ,マクドール,テオ様,Teo,McDohl
421,デスモンド,デスモンド,デスモンド,Desmond
422,テスラ,テスラ,テスラ,Tesla
423,テツ,テツ,テツ
424,テッサイ,テッサイ,テッサイ
425,テッド,テッド,テッド,Ted,Robed man,ローブの男
426,デボラ,デボラ,デボラ,Deborah
427,デューカス,デューカス,デューカス
428,デューク,デューク,デューク,Duke
429,デュパ,デュパ,デュパ,Dupa
430,テレーズ・ワイズメル,テレーズ・ワイズメル,テレーズ,"",テレーズ,ワイズメル,テレーズワイズメル
431,テンガアール,テンガアール,テンガアール,Tengaar,テンガ
432,テンコウ,テンコウ,テンコウ
433,テンプルトン,テンプルトン,テンプルトン,Templeton
434,トウタ,トウタ,トウタ,Tuta
435,トーブ,トーブ,トーブ,Tov
436,トーマ,トーマ,トーマ,Toma,Thoma,Thomas
437,トーマス,トーマス,トーマス,Thomas
438,ドガ,ドガ,ドガ
439,トッポ,トッポ,トッポ,Toppo
440,ドナ・ウィルド,ドナ・ウィルド,ドナ・ウィルド,ドナ,ウィルド
441,トニー,トニー,トニー
442,ドミティア,ドミティア,ドミティア
443,ドミニク,ドミニク,ドミニク,Dominic
444,トモ,トモ,トモ
445,トラヴィス,トラヴィス,トラヴィス,Travis
446,トリスタン,トリスタン,トリスタン,Trishtan,Tristan
447,トリマルキオ,トリマルキオ,トリマルキオ
448,ドルフ,ドルフ,ドルフ,Dolph
449,トルワド・アルブレク,トルワド・アルブレク,トルワド,トルワド,アルブレク
450,ドレミの精,ドレミの精,ドレミの精,Doremi Elf,Doremi Elves
451,トロイ,トロイ,トロイ,Troy
452,ドロモン,ドロモン,ドロモン
453,トワイキン,トワイキン,トワイキン,Twaikin
454,トンガチヒ,トンガチヒ,トンガチヒ
455,ドンゴ,ドンゴ,ドンゴ
456,ナ・ナル島長,ナ・ナル島長,ナ・ナル島長
457,ナオ,ナオ,ナオ,Nao
458,ナキル,ナキル,ナキル
459,ナクラ,ナクラ,ナクラ,Nakula
460,ナジン,ナジン,ナジン
461,ナズ,ナズ,ナズ
462,ナタリー,ナタリー,ナタリー,Nataly
463,ナッシュ・ラトキエ（ナッシュ・クロービス）,ナッシュ・ラトキエ（クロービス）,ナッシュ,ナッシュ,ナッシュ・ラトキエ,ナッシュ・クロービス,Nash
464,ナディール,ナディール,ナディール,Nadir
465,ナナミ,ナナミ,ナナミ
466,ナボコフ,ナボコフ,ナボコフ,Nabokov
467,ナムナ,ナムナ,ナムナ
468,ナリシュヤ,ナリシュヤ,ナリシュヤ
469,ナルクル,ナルクル,ナルクル,Nalkul
470,ナレオ,ナレオ,ナレオ,Nalleo
471,ニクティス,ニクティス,ニクティス
472,ニクンバ,ニクンバ,ニクンバ
473,ニケア,ニケア,ニケア,Nikea
474,ニコ,ニコ,ニコ,Nico
475,ニコル,ニコル,ニコル,Nicolas,Nicholas
476,ニック,ニック,ニック,Nick
477,ニド,ニド,ニド
478,ニナ,ニナ,ニナ
479,ニフサーラ,ニフサーラ,ニフサーラ,Nifsara
480,ニマ,ニマ,ニマ
481,ニムニ,ニムニ,ニムニ
482,ヌーマ,ヌーマ,ヌーマ
483,ヌザート,ヌザート,ヌザート
484,ヌミストロ,ヌミストロ,ヌミストロ
485,ヌムヌ,ヌムヌ,ヌムヌ
486,ネイ,ネイ,ネイ,Nei
487,ネイサ,ネイサ,ネイサ
488,ネイラ,ネイラ,ネイラ
489,ネオス,ネオス,ネオス
490,ネクロード,ネクロード,ネクロード,Neclord
491,ネムネ,ネムネ,ネムネ
492,ネリス,ネリス,ネリス,Nelis
493,ネルヴァン,ネルヴァン,ネルヴァン
494,ノア,ノア,ノア,Noah
495,ノーヴァ,ノーヴァ,ノーヴァ
496,ノーマ,ノーマ,ノーマ,Norma,Noma
497,ノデリ,ノデリ,ノデリ
498,ノフレト,ノフレト,ノフレト
499,ノムノ,ノムノ,ノムノ
500,ノルデン,ノルデン,ノルデン,Norden
501,ノルバノス・ノビリオス,ノルバノス・ノビリオス,ノルバノス,ノルバノス,ノビリオス
502,ハーヴェイ,ハーヴェイ,ハーヴェイ,Harvey
503,パーシヴァル・フロイライン,パーシヴァル・フロイライン,パーシヴァル,パーシヴァル,フロイライン,Percival,Freulein,Percival Freulein,パーシィちゃん,パーシーちゃん,Freulein,パーシバル
504,バーソロミュー,バーソロミュー,バーソロミュー,Bartholomew
505,バーツ,バーツ,バーツ,Barts
506,バーバラ,バーバラ,バーバラ,Barbara
507,パーン,パーン,パーン,Pahn
508,ハーン・カニンガム,ハーン・カニンガム,ハーン・カニンガム,ハーン,カニンガム
509,ハイ・ヨー,ハイ・ヨー,ハイ・ヨー,ハイ,ヨー,ハイヨー
510,ハインズ,ハインズ,ハインズ
511,ハウ・シー,ハウ・シー,ハウ・シー,ハウ,シー
512,ハウザー,ハウザー,ハウザー
513,ハガル・ビャルキ,ハガル・ビャルキ,ハガル・ビャルキ,ハガル,ビャルキ
514,はぐれ竜,はぐれ竜,はぐれ竜
515,バザルト・ルガム,バザルト・ルガム,バザルト・ルガム,バザルト,ルガム
516,バシュタン,バシュタン,バシュタン,Bastam
517,バジル,バジル,バジル,Basil
518,バスク,バスク,バスク
519,バズバ,バズバ,バズバ,Bazba
520,ハスワール・ファレナス,ハスワール・ファレナス,ハスワール,ハスワール,ファレナス,Haswar,Haswar Falenas
521,バダムハタン,バダムハタン,バダムハタン
522,ハヅキ,ハヅキ,ハヅキ,Hazuki
523,バッツ,バッツ,バッツ
524,バド,バド,バド,Badeaux
525,ハフィン,ハフィン,ハフィン
526,バフラム・ルーガー,バフラム・ルーガー,バフラム・ルーガー,バフラム,ルーガー,Bahram Luger,Bahram,Luger
527,パブロ,パブロ,パブロ,Pablo
528,バベッジ,バベッジ,バベッジ,Babbage
529,パム,パム,パム,Pam
530,バルカス,バルカス,バルカス,Varkas
531,バルザム,バルザム,バルザム
532,バルジ,バルジ,バルジ
533,ハルト,ハルト,ハルト,Haruto
534,バルバロッサ・ルーグナー,バルバロッサ・ルーグナー,バルバロッサ・ルーグナー,バルバロッサ,ルーグナー,Barbarossa Rugner
535,ハレス,ハレス,ハレス,Hareth
536,ハレック,ハレック,ハレック,Hallec
537,バレリア,バレリア,バレリア,Valeria
538,バン,バン,バン,Bang
539,ハンス,ハンス,ハンス
540,ハンゾウ,ハンゾウ,ハンゾウ,Hanzo
541,ハンナ,ハンナ,ハンナ
542,ハンフリー・ミンツ,ハンフリー・ミンツ,ハンフリー,ハンフリー,ミンツ,Hamphrey,Hamphrey Minz
543,ビアズレイ,ビアズレイ,ビアズレイ
544,ビーアーガ,ビーアーガ,ビーアーガ
545,ヒクサク,ヒクサク,ヒクサク
546,ビクトール,ビクトール,ビクトール,Viktor,熊さん,熊
547,ピコ,ピコ,ピコ
548,ビッキー,ビッキー,ビッキー,Viki
549,ビッキー（小）,ビッキー（小）,ビッキー（小）,Viki
550,ヒックス,ヒックス,ヒックス,Hix
551,ピッコロ,ピッコロ,ピッコロ,Piccolo
552,ビッチャム,ビッチャム,ビッチャム,Beecham
553,ヒナ・アウマクア,ヒナ・アウマクア,ヒナ,ヒナ,アウマクア
554,ビャクレン,ビャクレン,ビャクレン,Byakuren
555,ヒューゴ,ヒューゴ,ヒューゴ,Hugo
556,ビュクセ,ビュクセ,ビュクセ
557,ビョルン,ビョルン,ビョルン
558,ビリー,ビリー,ビリー,Billy
559,ピリカ,ピリカ,ピリカ
560,ヒルダ,ヒルダ,ヒルダ
561,ファーガス,ファーガス,ファーガス
562,ファルタ,ファルタ,ファルタ
563,フィッチャー,フィッチャー,フィッチャー,Fitcher
564,フィル,フィル,フィル,Phil
565,フー・スー・ルー,フー・スー・ルー,フー・スー・ルー,フースールー,Fu Su Lu
566,ブートゥルーガ,ブートゥルーガ,ブートゥルーガ
567,フーバー,フーバー,フーバー,Fubar,Hoover
568,フウマ,フウマ,フウマ,Fuma
569,フェイレン,フェイレン,フェイレン,Faylen
570,フェイロン,フェイロン,フェイロン,Faylon
571,フェザー,フェザー,フェザー,Feather
572,フェリド,フェリド,フェリド,Ferid,フェリド様
573,フェレッカ,フェレッカ,フェレッカ
574,フォルネ,フォルネ,フォルネ
575,フッケン,フッケン,フッケン,Fukien
576,フッチ,フッチ,フッチ,Futch
577,フヨウ,フヨウ,フヨウ,Fuyo
578,ブライト,ブライト,ブライト,Bright
579,ブラックマン,ブラックマン,ブラックマン,Blackman
580,フランツ,フランツ,フランツ,Franz
581,ブランド,ブランド,ブランド,Brandeau,Brand
582,フリード・Ｙ,フリード・Ｙ,フリード・Ｙ,フリード,フリード・ヤマモト,フリードY,フリードY,Freed Yamamoto,Freed Y,Freed Y.
583,フリック,フリック,フリック,Flik,青雷,青,風船
584,フリディカ,フリディカ,フリディカ
585,フレア,フレア,フレア,Flare,Flair
586,フレイル,フレイル,フレイル,Flail
587,ブレック,ブレック,ブレック
588,フレッド・マクシミリアン,フレッド・マクシミリアン,フレッド,フレッド,マクシミリアン,Fred,Maximilian,Fred Maximilian
589,フレデグンド,フレデグンド,フレデグンド
590,フレデリカ,フレデリカ,フレデリカ,Frederica
591,フワラフワル,フワラフワル,フワラフワル,Fuwalafuwalu
592,フンギ,フンギ,フンギ
593,ヘイドレク,ヘイドレク,ヘイドレク
594,ペギィ,ペギィ,ペギィ,Peggi
595,ベゲン,ベゲン,ベゲン,Bergen
596,ペコラ,ペコラ,ペコラ,Pecola
597,ペシュメルガ,ペシュメルガ,ペシュメルガ,Pesmerga
598,ペック（暗器使い）,ペック,ペック,暗器使い
599,ヘリオン,ヘリオン,ヘリオン,Hellion
600,ベル,ベル,ベル,Belle
601,ヘルガ,ヘルガ,ヘルガ,Helga
602,ベルクート,ベルクート,ベルクート,Belcoot
603,ペルジド,ペルジド,ペルジド
604,ベルタ,ベルタ,ベルタ
605,ベルナデット・イーガン,ベルナデット・イーガン,ベルナデット,ベルナデット,イーガン,Bernadette Egan,Bernadette
606,ベルフレイド,ベルフレイド,ベルフレイド
607,ヘルムート,ヘルムート,ヘルムート,Helmut
608,ベレニケ・ノビリオス,ベレニケ・ノビリオス,ベレニケ,ベレニケ,ノビリオス
609,ベレムエル,ベレムエル,ベレムエル
610,ペロー,ペロー,ペロー,Perrault
611,ホイ,ホイ,ホイ
612,ホウアン,ホウアン,ホウアン
613,ポーラ,ポーラ,ポーラ,Paula
614,ポール,ポール,ポール
615,ボールドン,ボールドン,ボールドン
616,ボズ・ウィルド,ボズ・ウィルド,ボズ,ボズ,ウィルド,Boz Wilde,Boz,Boz Wild
617,ボッシュ,ボッシュ,ボッシュ
618,ホツバ,ホツバ,ホツバ
619,ボブ,ボブ,ボブ,Bob
620,ボリス・ワイゼン,ボリス・ワイゼン,ボリス,ボリス,ワイゼン,Boris Wizen,Boris,Wizen
621,ボルガン,ボルガン,ボルガン,Bolgan
622,ボルス・レッドラム,ボルス・レッドラム,ボルス,ボルス,レッドラム,Borus,Redrum,Borus Redrum
623,ホルテスVII世,ホルテスVII世,ホルテスVII世,ホルテス7世,Hortez,Hortez the 7th,Hortez the VIIth,Hortez VII,Hortez 7
624,ホルテンシウス,ホルテンシウス,ホルテンシウス
625,ポロック,ポロック,ポロック
626,マーサ,マーサ,マーサ,Martha
627,マース,マース,マース,Maas
628,マイク,マイク,マイク,Mike
629,マイクロトフ,マイクロトフ,マイクロトフ
630,マオ,マオ,マオ,Mao
631,マカイ,マカイ,マカイ
632,マキ,マキ,マキ
633,マキア・ザフィール,マキア・ザフィール,マキア・ザフィール,マキア,ザフィール
634,マキシン,マキシン,マキシン,Maxine
635,マクート,マクート,マクート
636,マクシミリアン,マクシミリアン,マクシミリアン,Maximilian
637,マクシモス・ザフィール,マクシモス・ザフィール,マクシモス,マクシモス,ザフィール
638,マザリカ・ザフィール,マザリカ・ザフィール,マザリカ,マザリカ,ザフィール
639,マスルール,マスルール,マスルール
640,マッシュ・シルバーバーグ,マッシュ・シルバーバーグ,マッシュ,マッシュ,シルバーバーグ,Mathiu Silverberg,Mathiu
641,マティアス,マティアス,マティアス,Mathias
642,マナリル,マナリル,マナリル
643,マニュ,マニュ,マニュ,Manu
644,マハ・スパルナ,マハ・スパルナ,マハ・スパルナ,マハ,スパルナ,Maha Sparna,Maha,Sparna
645,マリー,マリー,マリー,Marie
646,マリカ,マリカ,マリカ
647,マリカ（異世界）,マリカ（異世界）,マリカ？,異世界のマリカ
648,マリノ,マリノ,マリノ,Marina,Marino
649,マルーン,マルーン,マルーン,Maroon
650,マルコ,マルコ,マルコ,Marco
651,マルスカール・ゴドウィン,マルスカール・ゴドウィン,マルスカール・ゴドウィン,マルスカール,ゴドウィン,Marscal Godwin
652,マルセル・アトレイド,マルセル・アトレイド,マルセル・アトレイド,マルセン,アトレイド
653,マルティン,マルティン,マルティン
654,マルロ・コーディー,マルロ・コーディー,マルロ,マルロ,コーディ
655,ミアキス,ミアキス,ミアキス,Miakis
656,ミース,ミース,ミース,Meese
657,ミーナ,ミーナ,ミーナ,Mina
658,ミーネ,ミーネ,ミーネ
659,ミオ,ミオ,ミオ,Mio
660,ミズキ,ミズキ,ミズキ,Mizuki
661,ミズラック,ミズラック,ミズラック
662,ミッキー,ミッキー,ミッキー,Micky
663,ミツバ,ミツバ,ミツバ,Mitsuba
664,ミューラー,ミューラー,ミューラー,Mueller
665,ミュラ,ミュラ,ミュラ
666,ミュン・ツァン,ミュン・ツァン,ミュン・ツァン,ミュン,ツァン
667,ミランダ,ミランダ,ミランダ
668,ミリア,ミリア,ミリア,Milia
669,ミリー,ミリー,ミリー
670,ミリエル,ミリエル,ミリエル
671,ミルイヒ・オッペンハイマー,ミルイヒ・オッペンハイマー,ミルイヒ,ミルイヒ,ミルイヒ様,オッペンハイマー,Milich Oppenheimer,Milich
672,ミルーン,ミルーン,ミルーン,Miroon
673,ミレイ,ミレイ,ミレイ,Millay
674,ムーア,ムーア,ムーア,Mua
675,ムーイー,ムーイー,ムーイー
676,ムース,ムース,ムース,Moose
677,ムールゲント,ムールゲント,ムールゲント
678,ムーロ,ムーロ,ムーロ
679,ムクムク,ムクムク,ムクムク
680,ムト,ムト,ムト,Muto
681,ムドガラ,ムドガラ,ムドガラ
682,ムバル,ムバル,ムバル
683,ムラード,ムラード,ムラード,Murad
684,ムルーン,ムルーン,ムルーン,Muroon
685,メアメイ,メアメイ,メアメイ
686,メイザース,メイザース,メイザース
687,メイベル,メイベル,メイベル
688,メイミ,メイミ,メイミ,Mamie
689,メース,メース,メース,Mace
690,メギオン,メギオン,メギオン
691,メグ,メグ,メグ,Meg
692,メズワル,メズワル,メズワル
693,メッセンジャー,メッセンジャー,メッセンジャー
694,メフィティス,メフィティス,メフィティス
695,メル,メル,メル,Mel
696,メルヴィス,メルヴィス,メルヴィス
697,メルヴィル,メルヴィル,メルヴィル,Melville
698,メルーン,メルーン,メルーン,Meroon
699,メロディ,メロディ,メロディ,Melodye
700,モアナ,モアナ,モアナ
701,モーガン,モーガン,モーガン,Morgan
702,モース,モース,モース,Mose
703,モーディ,モーディ,モーディ
704,モーリン,モーリン,モーリン
705,モズロマス・リウイス,モズロマス・リウイス,モズロマス,モズロマス,リウイス
706,モルーン,モルーン,モルーン,Moroon
707,モンセン,モンセン,モンセン,Mohsen
708,モンド,モンド,モンド
709,ヤード,ヤード,ヤード
710,ヤール,ヤール,ヤール,Yahr
711,ヤグアス・リウイス,ヤグアス・リウイス,ヤグアス,ヤグアス,リウイス
712,ヤディマ,ヤディマ,ヤディマ
713,ヤム・クー,ヤム・クー,ヤム・クー,ヤム,クー,Yam Koo,Yam
714,ヤンセン,ヤンセン,ヤンセン
715,ヤンダック,ヤンダック,ヤンダック
716,ユイリ,ユイリ,ユイリ,Yuiri
717,ユウ,ユウ,ユウ,Yu
718,ユーグ,ユーグ,ユーグ
719,ユーゴ,ユーゴ,ユーゴ,Hugo
720,ユージン,ユージン,ユージン,Eugene
721,ユーニス,ユーニス,ユーニス
722,ユーバー,ユーバー,ユーバー,Yuber
723,ユーラム・バロウズ,ユーラム・バロウズ,ユーラム・バロウズ,ユーラム,バロウズ,Euram Barows,Euram,Euram Burrows,Euram Burroughs
724,ユーリ・ラトキエ,ユーリ・ラトキエ,ユーリ・ラトキエ,ユーリ,ラトキエ
725,ユズ,ユズ,ユズ
726,ユディエラ,ユディエラ,ユディエラ
727,ユミィ,ユミィ,ユミィ
728,ユユドラヤ,ユユドラヤ,ユユドラヤ
729,ユラ,ユラ,ユラ
730,ユン,ユン,ユン
731,ヨウィン,ヨウィン,ヨウィン
732,ヨーン,ヨーン,ヨーン
733,ヨシノ,ヨシノ,ヨシノ
734,ヨシュア・レーベンハイト,ヨシュア・レーベンハイト,ヨシュア,ヨシュア,レーベンハイト,Joshua Lebenheit,Joshua
735,ヨフール,ヨフール,ヨフール
736,ヨベル,ヨベル,ヨベル
737,ヨミ,ヨミ,ヨミ
738,ヨラン,ヨラン,ヨラン,Yoran
739,ラージャ,ラージャ,ラージャ,Raja
740,シュトルテハイム・ラインバッハ3世,シュトルテハイム・ラインバッハ3世,ラインバッハ,シュトルテハイム,ラインバッハ,Reinbach,Rheinbach
741,ラインホルト,ラインホルト,ラインホルト,Reinhold
742,ラウド,ラウド,ラウド
743,ラウラ,ラウラ,ラウラ
744,ラオ・クアン,ラオ・クアン,ラオ・クアン,ラオ,クアン
745,ラクイラ,ラクイラ,ラクイラ
746,ラクジー,ラクジー,ラクジー,Rakgi
747,ラジム,ラジム,ラジム
748,ラスカリス・リウイス,ラスカリス・リウイス,ラスカリス,ラスカリス,リウイス
749,ラティエ・ロクス,ラティエ・ロクス,ラティエ・ロクス,ラティエ,ロクス
750,ラティルダ,ラティルダ,ラティルダ
751,ラドニーン,ラドニーン,ラドニーン
752,ラニア,ラニア,ラニア
753,ラバキン,ラバキン,ラバキン,Rania
754,ラハル,ラハル,ラハル,Rahal
755,ラマダ,ラマダ,ラマダ,Ramada
756,ラミン,ラミン,ラミン
757,ララクル,ララクル,ララクル
758,ラン,ラン,ラン,Lun,Ran
759,ランス,ランス,ランス,Lance
760,ランディス,ランディス,ランディス,Landis
761,リード,リード,リード,Reed
762,リィナ,リィナ,リィナ
763,リーラン,リーラン,リーラン,Lilan
764,リーリン,リーリン,リーリン,Lilin
765,リールン,リールン,リールン,Liloon
766,リーレン,リーレン,リーレン,Lilen
767,リーロン,リーロン,リーロン,Lilon
768,リイン・ペンネンバーグ,リイン・ペンネンバーグ,リイン・ペンネンバーグ,リイン,リィン,ペンネンバーグ
769,リウ・シエン,リウ・シエン,リウ,リウ,シエン
770,リオン,リオン,リオン,Lyon
771,リキエ,リキエ,リキエ,Rikie
772,リキマル,リキマル,リキマル
773,リコ,リコ,リコ
774,リスティル,リスティル,リスティル
775,リズラン,リズラン,リズラン
776,リタ,リタ,リタ,Rita
777,リッチモンド,リッチモンド,リッチモンド
778,リドリー・ワイゼン,リドリー・ワイゼン,リドリー,リドリー,ワイゼン
779,リノ・エン・クルデス,リノ・エン・クルデス,リノ・エン・クルデス,リノ,リノ王,エン,クルデス,Lino En Kuldes,Lino,King Lino
780,リヒャルト,リヒャルト,リヒャルト,Richard
781,リムスレーア・ファレナス,リムスレーア・ファレナス,リムスレーア・ファレナス,リムスレーア,リム,ファレナス,Lymsleia Falenas,Lymsleia,Lym,姫様
782,リュウカン,リュウカン,リュウカン,Liukan
783,リューグ,リューグ,リューグ,Roog
784,リュキア,リュキア,リュキア
785,リュセリ,リュセリ,リュセリ
786,リリィ・ペンドラゴン,リリィ・ペンドラゴン,リリィ,リリィ,ペンドラゴン,Lilly Pendragon,Lilly
787,リンファ,リンファ,リンファ,Linfa
788,ルイーズ,ルイーズ,ルイーズ,Louise
789,ルイス・キファーソン,ルイス・キファーソン,ルイス,ルイス,キファーソン,Louis
790,ルウ,ルウ,ルウ,Lu
791,ルージン,ルージン,ルージン
792,ルース,ルース,ルース,Luce
793,ルオ・タウ,ルオ・タウ,ルオ・タウ,ルオ,タウ
794,ルカ・ブライト,ルカ・ブライト,ルカ・ブライト,ルカ,ルカ様,狂皇子,ブライト,Luca Blight,ルカブライト
795,ルガト・ルガム,ルガト・ルガム,ルガト・ルガム,ルガト,ルガム
796,ルクレティア・メルセス,ルクレティア・メルセス,ルクレティア,ルクレティア,メルセス,Lucretia Merces,Lucretia
797,ルシア,ルシア,ルシア,Lucia
798,ルセリナ・バロウズ,ルセリナ・バロウズ,ルセリナ,ルセリナ,バロウズ,Luserina Barows,Luserina,Luserina Burrows,Luserina Burroughs
799,ルック,ルック,ルック,Luc
800,ルドン,ルドン,ルドン,Ledon
801,ルネ,ルネ,ルネ,Rene
802,ルバイス,ルバイス,ルバイス
803,ルビ,ルビ,ルビ,Ruby
804,ルビィ,ルビィ,ルビィ,Rubi
805,ルファ,ルファ,ルファ
806,ルル,ルル,ルル,Lulu
807,ルルサ,ルルサ,ルルサ
808,レイチェル,レイチェル,レイチェル,Rachel
809,レヴィ,レヴィ,レヴィ,Levi
810,レーヴン,レーヴン,レーヴン,Raven
811,レーテ,レーテ,レーテ
812,レオ・ガラン,レオ・ガラン,レオ,レオ,ガラン,Leo
813,レオナ,レオナ,レオナ
814,レオナルド,レオナルド,レオナルド,Leonard
815,レオン・シルバーバーグ,レオン・シルバーバーグ,レオン,レオン,シルバーバーグ,Leon,Leon Silverberg
816,レカレカ,レカレカ,レカレカ
817,レギウス,レギウス,レギウス
818,レスター,レスター,レスター,Lester
819,レスノウ,レスノウ,レスノウ
820,レツオウ,レツオウ,レツオウ,Retso
821,レックナート,レックナート,レックナート,Leknaat
822,レット,レット,レット,Rhett
823,レナ・スフィーナ,レナ・スフィーナ,レナ・スフィーナ,レナ,スフィーナ
824,レネフェリアス13世,レネフェリアス13世,レネフェリアス13世
825,レパント,レパント,レパント,Lepant
826,レブラント,レブラント,レブラント
827,レレイ,レレイ,レレイ,Lelei
828,レン・リイン,レン・リイン,レン・リイン,レン,リイン
829,ロイ,ロイ,ロイ,Roy
830,ロウエン,ロウエン,ロウエン
831,ロウセン,ロウセン,ロウセン,Lo Seng,Seng
832,ロウハク,ロウハク,ロウハク,Lo Hak,Hak
833,ロウフォン,ロウフォン,ロウフォン,Lo Fong,Fong
834,ロウマ,ロウマ,ロウマ
835,ローガン,ローガン,ローガン
836,ローレライ,ローレライ,ローレライ,Lorelai,Lorelei
837,ログ,ログ,ログ,Logg,Log
838,ロジェ,ロジェ,ロジェ
839,ロシェル・コレック,ロシェル・コレック,ロシェル・コレック,ロシェル,コレック
840,ロック,ロック,ロック,Rock
841,ロッテ,ロッテ,ロッテ,Lotte
842,ロディ,ロディ,ロディ,Rody
843,ロドリク,ロドリク,ロドリク
844,ロニー・ベル,ロニー・ベル,ロニー・ベル,ロニー,ベル,Ronnie Bell,Ronnie
845,ロベルト,ロベルト,ロベルト,Robert
846,ロラン・レザウルス,ロラン・レザウルス,ロラン,ロラン,レザウルス,Roland
847,ロルフ・ラウグ,ロルフ・ラウグ,ロルフ,ロルフ,ラウグ
848,ロンチャンチャン,ロンチャンチャン,ロンチャンチャン
849,ワーン,ワーン,ワーン
850,ワイルダー,ワイルダー,ワイルダー,Wilder
851,ワカバ,ワカバ,ワカバ
852,ワシール,ワシール,ワシール,Wasil
853,ワスタム,ワスタム,ワスタム
854,ワタリ,ワタリ,ワタリ,Watari
855,ワヒエ,ワヒエ,ワヒエ
856,ワフディ,ワフディ,ワフディ
857,ワボン,ワボン,ワボン,Wabon
858,ワン・フー,ワン・フー,ワン・フー,Wan Fu,Wan,Fu
859,一なる王,一なる王,一なる王
860,炎の英雄,炎の英雄,炎の英雄,英雄
861,館の執事,館の執事,館の執事
862,軍医,軍医,軍医
863,総督,総督,総督,Governor
864,紡がれし百年の時主人公（紡主）,紡がれし百年の時主人公（紡主）,紡時主人公,主人公,紡主,つむ主
865,霧の船の導者,霧の船の導者,霧の船の導者,Robed man
866,料理長,料理長,料理長,Chef
867,マクマク,マクマク
868,ミクミク,ミクミク
869,メクメク,メクメク
870,モクモク,モクモク
871,コーイチ,コーイチ
872,コニー,コニー
873,コサンジ,コサンジ
874,コゴロウ,コゴロウ
875,ユリウス,ユリウス
876,ノール,ノール
877,ラルフ,ラルフ
